72.44.32.0,Baltimore,United States
67.202.0.0,Baltimore,United States
75.101.128.0,Baltimore,United States
174.129.0.0,Baltimore,United States
204.236.192.0,Baltimore,United States
184.73.0.0,Baltimore,United States
184.72.128.0,Baltimore,United States
184.72.64.0,Baltimore,United States
50.16.0.0,Baltimore,United States
50.19.0.0,Baltimore,United States
107.20.0.0,Baltimore,United States
23.20.0.0,Baltimore,United States
54.242.0.0,Baltimore,United States
54.234.0.0,Baltimore,United States
54.236.0.0,Baltimore,United States
54.224.0.0,Baltimore,United States
54.226.0.0,Baltimore,United States
54.208.0.0,Baltimore,United States
54.210.0.0,Baltimore,United States
54.221.0.0,Baltimore,United States
54.204.0.0,Baltimore,United States
54.196.0.0,Baltimore,United States
54.198.0.0,Baltimore,United States
54.80.0.0,Baltimore,United States
50.112.0.0,Portland,United States
54.245.0.0,Portland,United States
54.244.0.0,Portland,United States
54.214.0.0,Portland,United States
54.212.0.0,Portland,United States
54.218.0.0,Portland,United States
54.200.0.0,Portland,United States
54.202.0.0,Portland,United States
54.184.0.0,Portland,United States
204.236.128.0,San Francisco,United States
184.72.0.0,San Francisco,United States
50.18.0.0,San Francisco,United States
184.169.128.0,San Francisco,United States
54.241.0.0,San Francisco,United States
54.215.0.0,San Francisco,United States
54.219.0.0,San Francisco,United States
54.193.0.0,San Francisco,United States
79.125.0.0,Dublin,Ireland
46.51.128.0,Dublin,Ireland
46.51.192.0,Dublin,Ireland
46.137.0.0,Dublin,Ireland
46.137.128.0,Dublin,Ireland
176.34.128.0,Dublin,Ireland
176.34.64.0,Dublin,Ireland
54.247.0.0,Dublin,Ireland
54.246.0.0,Dublin,Ireland
54.228.0.0,Dublin,Ireland
54.216.0.0,Dublin,Ireland
54.229.0.0,Dublin,Ireland
54.220.0.0,Dublin,Ireland
54.194.0.0,Dublin,Ireland
54.72.0.0,Dublin,Ireland
175.41.128.0,Singapore,Singapore
122.248.192.0,Singapore,Singapore
46.137.192.0,Singapore,Singapore
46.51.216.0,Singapore,Singapore
54.251.0.0,Singapore,Singapore
54.254.0.0,Singapore,Singapore
54.255.0.0,Singapore,Singapore
54.252.0.0,Sydney,Australia
54.253.0.0,Sydney,Australia
54.206.0.0,Sydney,Australia
54.79.0.0,Sydney,Australia
175.41.192.0,Tokyo,Japan
46.51.224.0,Tokyo,Japan
176.32.64.0,Tokyo,Japan
103.4.8.0,Tokyo,Japan
176.34.0.0,Tokyo,Japan
54.248.0.0,Tokyo,Japan
54.250.0.0,Tokyo,Japan
54.238.0.0,Tokyo,Japan
54.199.0.0,Tokyo,Japan
177.71.128.0,Sao Paulo,Brazil
54.232.0.0,Sao Paulo,Brazil
54.233.0.0,Sao Paulo,Brazil
54.207.0.0,Sao Paulo,Brazil
